<?xml version="1.0" encoding="UTF-8"?>
<project-private xmlns="http://www.netbeans.org/ns/project-private/1">
    <editor-bookmarks xmlns="http://www.netbeans.org/ns/editor-bookmarks/2" lastBookmarkId="0"/>
    <open-files xmlns="http://www.netbeans.org/ns/projectui-open-files/2">
        <group>
            <file>file:/C:/Users/Rayjen%20Mendoza/Downloads/CollabRoom%20(1)/CollabRoom%20(1)/CollabRoom/src/collabroom/FXMLDocumentController.java</file>
            <file>file:/C:/Users/Rayjen%20Mendoza/Downloads/CollabRoom%20(1)/CollabRoom%20(1)/CollabRoom/src/adminpanel/RoomsPanel.fxml</file>
            <file>file:/C:/Users/Rayjen%20Mendoza/Downloads/CollabRoom%20(1)/CollabRoom%20(1)/CollabRoom/src/roomstatus/RoomStatus.java</file>
            <file>file:/C:/Users/Rayjen%20Mendoza/Downloads/CollabRoom%20(1)/CollabRoom%20(1)/CollabRoom/src/adminpanel/AdminLoginController.java</file>
            <file>file:/C:/Users/Rayjen%20Mendoza/Downloads/CollabRoom%20(1)/CollabRoom%20(1)/CollabRoom/src/adminpanel/AdminPanelController.java</file>
            <file>file:/C:/Users/Rayjen%20Mendoza/Downloads/CollabRoom%20(1)/CollabRoom%20(1)/CollabRoom/src/adminpanel/AdminPanel.java</file>
            <file>file:/C:/Users/Rayjen%20Mendoza/Downloads/CollabRoom%20(1)/CollabRoom%20(1)/CollabRoom/src/adminpanel/RoomsPanelController.java</file>
            <file>file:/C:/Users/Rayjen%20Mendoza/Downloads/CollabRoom%20(1)/CollabRoom%20(1)/CollabRoom/src/adminpanel/DashboardPanel.fxml</file>
            <file>file:/C:/Users/Rayjen%20Mendoza/Downloads/CollabRoom%20(1)/CollabRoom%20(1)/CollabRoom/src/roomstatus/reservationstatus.fxml</file>
            <file>file:/C:/Users/Rayjen%20Mendoza/Downloads/CollabRoom%20(1)/CollabRoom%20(1)/CollabRoom/src/adminpanel/SettingsPanelController.java</file>
            <file>file:/C:/Users/Rayjen%20Mendoza/Downloads/CollabRoom%20(1)/CollabRoom%20(1)/CollabRoom/src/adminpanel/AdminLogin.java</file>
            <file>file:/C:/Users/Rayjen%20Mendoza/Downloads/CollabRoom%20(1)/CollabRoom%20(1)/CollabRoom/src/adminpanel/AccountPanelController.java</file>
            <file>file:/C:/Users/Rayjen%20Mendoza/Downloads/CollabRoom%20(1)/CollabRoom%20(1)/CollabRoom/src/roomstatus/searchstatus.fxml</file>
            <file>file:/C:/Users/Rayjen%20Mendoza/Downloads/CollabRoom%20(1)/CollabRoom%20(1)/CollabRoom/src/adminpanel/RoomsPanel.java</file>
            <file>file:/C:/Users/Rayjen%20Mendoza/Downloads/CollabRoom%20(1)/CollabRoom%20(1)/CollabRoom/src/roomstatus/searchstatusController.java</file>
            <file>file:/C:/Users/Rayjen%20Mendoza/Downloads/CollabRoom%20(1)/CollabRoom%20(1)/CollabRoom/src/roomstatus/reservationstatusController.java</file>
            <file>file:/C:/Users/Rayjen%20Mendoza/Downloads/CollabRoom%20(1)/CollabRoom%20(1)/CollabRoom/src/adminpanel/AccountPanel.fxml</file>
            <file>file:/C:/Users/Rayjen%20Mendoza/Downloads/CollabRoom%20(1)/CollabRoom%20(1)/CollabRoom/src/adminpanel/Reservation.java</file>
            <file>file:/C:/Users/Rayjen%20Mendoza/Downloads/CollabRoom%20(1)/CollabRoom%20(1)/CollabRoom/src/roomstatus/On-Hold.png</file>
            <file>file:/C:/Users/Rayjen%20Mendoza/Downloads/CollabRoom%20(1)/CollabRoom%20(1)/CollabRoom/src/adminpanel/SettingsPanel.fxml</file>
            <file>file:/C:/Users/Rayjen%20Mendoza/Downloads/CollabRoom%20(1)/CollabRoom%20(1)/CollabRoom/src/studentreservation/studentreservationController.java</file>
            <file>file:/C:/Users/Rayjen%20Mendoza/Downloads/CollabRoom%20(1)/CollabRoom%20(1)/CollabRoom/src/adminpanel/DashboardPanelController.java</file>
            <file>file:/C:/Users/Rayjen%20Mendoza/Downloads/CollabRoom%20(1)/CollabRoom%20(1)/CollabRoom/src/roomstatus/Searchstatus.java</file>
            <file>file:/C:/Users/Rayjen%20Mendoza/Downloads/CollabRoom%20(1)/CollabRoom%20(1)/CollabRoom/src/adminpanel/UsersPanelController.java</file>
        </group>
    </open-files>
</project-private>
